,comp_id,begin,end,COGS,amort,curr_assets,curr_liab,extra_exp,extra_inc,extra_profit_loss,finished_prod,fixed_assets,inc_bef_tax,intang_assets,inventories,liq_assets,material_exp,net_dom_sales,net_exp_sales,personnel_exp,profit_loss_year,sales,share_eq,subscribed_cap,tang_assets,wages,D,balsheet_flag,balsheet_length,balsheet_notfullyear,year,founded_year,exit_year,ceo_count,foreign,female,birth_year,inoffice_days,gender,origin,nace_main,ind2,ind,urban_m,region_m,founded_date,exit_date,labor_avg
0,1001034.0,2005-01-01,2005-12-31,,692.5925903320312,7266.66650390625,7574.07421875,0.0,0.0,0.0,,1229.629638671875,218.51852416992188,0.0,4355.5556640625,2911.111083984375,38222.22265625,,,22222.22265625,62.96296310424805,62751.8515625,881.4815063476561,1388.888916015625,1229.629638671875,,,0,364,0,2005,1990.0,,2.0,0.0,0.5,1968.0,5686.5,mix,Domestic,5630.0,56.0,3.0,1,Central,1990-11-19,,
1,1001034.0,2006-01-01,2006-12-31,,603.7036743164064,13122.22265625,12211.111328125,0.0,0.0,0.0,,725.9259033203125,996.2963256835936,0.0,7225.92578125,5896.29638671875,38140.7421875,,,23844.4453125,755.5555419921875,64625.92578125,1637.0369873046875,1388.888916015625,725.9259033203125,,,0,364,0,2006,1990.0,,2.0,0.0,0.5,1968.0,5686.5,mix,Domestic,5630.0,56.0,3.0,1,Central,1990-11-19,,
2,1001034.0,2007-01-01,2007-12-31,,425.9259338378906,8196.2958984375,7800.0,0.0,0.0,0.0,,1322.22216796875,570.370361328125,0.0,7951.85205078125,177.77777099609375,40174.07421875,,,22262.962890625,0.0,65100.0,1633.3333740234375,1388.888916015625,1322.22216796875,,,0,364,0,2007,1990.0,,2.0,0.0,0.5,1968.0,5686.5,mix,Domestic,5630.0,56.0,3.0,1,Central,1990-11-19,,
3,1001034.0,2008-01-01,2008-12-31,,300.0,8485.185546875,7781.4814453125,0.0,0.0,0.0,,1022.2222290039062,714.8148193359375,0.0,5233.33349609375,1392.5926513671875,54274.07421875,,,21107.408203125,0.0,78085.1875,1725.9259033203125,1481.4814453125,1022.2222290039062,,,0,365,0,2008,1990.0,,2.0,0.0,0.5,1968.0,5686.5,mix,Domestic,5630.0,56.0,3.0,1,Central,1990-11-19,,
4,1001034.0,2009-01-01,2009-12-31,,207.40740966796875,5137.037109375,15300.0,0.0,0.0,0.0,,814.8148193359375,-11044.4443359375,0.0,3259.25927734375,11.11111068725586,41755.5546875,,,13237.037109375,-11074.07421875,45388.890625,-9348.1484375,1481.4814453125,814.8148193359375,,,0,364,0,2009,1990.0,,2.0,0.0,0.5,1968.0,5686.5,mix,Domestic,5630.0,56.0,3.0,1,Central,1990-11-19,,0.0833333358168602
5,1001034.0,2010-01-01,2010-12-31,,177.77777099609375,2096.29638671875,19629.62890625,0.0,0.0,0.0,,637.0370483398438,-7548.14794921875,0.0,0.0,192.59259033203125,10996.2958984375,,,5081.4814453125,-7548.14794921875,9929.6298828125,-16896.296875,1481.4814453125,637.0370483398438,,,0,364,0,2010,1990.0,,2.0,0.0,0.5,1968.0,5686.5,mix,Domestic,5630.0,56.0,3.0,1,Central,1990-11-19,,0.0833333358168602
6,1001034.0,2011-01-01,2011-12-31,,155.55555725097656,3607.407470703125,22555.5546875,0.0,0.0,0.0,,481.4814758300781,-1570.370361328125,0.0,0.0,1633.3333740234375,200.0,,,225.9259185791016,-1570.370361328125,0.0,-18466.666015625,1481.4814453125,481.4814758300781,,,0,364,0,2011,1990.0,,2.0,0.0,0.5,1954.0,4895.5,mix,Domestic,5630.0,56.0,3.0,1,Central,1990-11-19,,0.0833333358168602
7,1001034.0,2012-01-01,2012-12-31,,140.74073791503906,148.1481475830078,21429.62890625,0.0,0.0,0.0,,340.7407531738281,-2474.073974609375,0.0,0.0,25.925926208496094,1862.9630126953125,,,285.1851806640625,-2474.073974609375,0.0,-20940.740234375,1481.4814453125,340.7407531738281,,,0,365,0,2012,1990.0,,2.0,0.0,0.5,1954.0,4895.5,mix,Domestic,5630.0,56.0,3.0,1,Central,1990-11-19,,0.0833333358168602
8,1001034.0,2013-01-01,2013-12-31,,140.74073791503906,140.74073791503906,21851.8515625,0.0,0.0,0.0,,200.0,-614.8148193359375,0.0,0.0,37.03703689575195,177.77777099609375,,,296.2962951660156,-633.3333129882812,0.0,-21574.07421875,1481.4814453125,200.0,,,0,364,0,2013,1990.0,,2.0,0.0,0.5,1954.0,4895.5,mix,Domestic,5630.0,56.0,3.0,1,Central,1990-11-19,,
9,1001034.0,2014-01-01,2014-12-31,,29.62962913513184,144.44444274902344,22340.740234375,0.0,0.0,0.0,,170.37037658691406,-448.1481628417969,0.0,0.0,40.74074172973633,114.81481170654295,,,303.7037048339844,-448.1481628417969,0.0,-22025.92578125,1481.4814453125,170.37037658691406,,,0,364,0,2014,1990.0,,2.0,0.0,0.5,1954.0,4895.5,mix,Domestic,5630.0,56.0,3.0,1,Central,1990-11-19,,
10,1001034.0,2015-01-01,2015-12-31,,3.70370364189148,140.74073791503906,22888.888671875,0.0,0.0,0.0,,166.6666717529297,-537.0370483398438,0.0,0.0,33.33333206176758,203.7037048339844,,,307.40740966796875,-555.5555419921875,0.0,-22581.482421875,1481.4814453125,166.6666717529297,,,0,364,0,2015,1990.0,,2.0,0.0,0.5,1954.0,4895.5,mix,Domestic,5630.0,56.0,3.0,1,Central,1990-11-19,,
11,1001541.0,2009-01-01,2009-12-31,0.0,0.0,2040.74072265625,933.3333129882812,0.0,0.0,0.0,0.0,0.0,-1329.629638671875,0.0,0.0,1629.629638671875,2237.037109375,925.9259033203124,0.0,0.0,-1348.148193359375,925.9259033203124,1111.111083984375,1851.851806640625,0.0,0.0,,0,364,0,2009,2008.0,,1.0,0.0,0.0,1974.0,3222.0,male,Domestic,5610.0,56.0,3.0,3,Central,2008-02-24,,
12,1001541.0,2010-01-01,2010-12-31,0.0,0.0,1740.74072265625,844.4444580078125,0.0,0.0,0.0,0.0,0.0,-214.8148193359375,0.0,0.0,1285.1851806640625,214.8148193359375,0.0,0.0,0.0,-214.8148193359375,0.0,896.2963256835938,1851.851806640625,0.0,0.0,,0,364,0,2010,2008.0,,1.0,0.0,0.0,1974.0,3222.0,male,Domestic,5610.0,56.0,3.0,3,Central,2008-02-24,,
13,1001541.0,2011-01-01,2011-12-31,0.0,0.0,127403.703125,127325.9296875,0.0,0.0,0.0,0.0,0.0,-818.5184936523436,0.0,0.0,837.0370483398436,818.5184936523436,0.0,0.0,0.0,-818.5184936523436,0.0,77.77777862548828,1851.851806640625,0.0,0.0,,0,364,0,2011,2008.0,,1.0,0.0,0.0,1974.0,3222.0,male,Domestic,5610.0,56.0,3.0,3,Central,2008-02-24,,
14,1001541.0,2012-01-01,2012-12-31,,481.4814758300781,9629.6298828125,1303.7037353515625,0.0,0.0,0.0,,190566.671875,-7696.29638671875,0.0,0.0,9048.1484375,8351.8515625,,,0.0,-7722.22216796875,1203.7037353515625,191262.96875,200740.734375,190566.671875,,,0,365,0,2012,2008.0,,1.0,0.0,0.0,1974.0,3222.0,male,Domestic,5610.0,56.0,3.0,3,Central,2008-02-24,,
15,1001541.0,2013-01-01,2013-12-31,,2292.592529296875,4811.111328125,925.9259033203124,0.0,74.0740737915039,74.0740737915039,,188274.078125,874.0740966796875,0.0,0.0,4225.92578125,751.8518676757811,,,0.0,874.0740966796875,5555.5556640625,192159.265625,200740.734375,188274.078125,,,0,364,0,2013,2008.0,,2.0,0.0,0.0,1962.5,2434.5,male,Domestic,5610.0,56.0,3.0,3,Central,2008-02-24,,
16,1001541.0,2014-01-01,2014-12-31,,2292.592529296875,6500.0,296.2962951660156,0.0,0.0,0.0,,185981.484375,37.03703689575195,0.0,0.0,5914.81494140625,700.0,,,0.0,25.925926208496094,4888.888671875,192185.1875,200740.734375,185981.484375,,,0,364,0,2014,2008.0,,2.0,0.0,0.0,1962.5,2434.5,male,Domestic,5610.0,56.0,3.0,3,Central,2008-02-24,,
17,1001541.0,2015-01-01,2015-12-31,,2292.592529296875,8729.6298828125,0.0,0.0,0.0,0.0,,183688.890625,233.3333282470703,0.0,0.0,5074.07421875,740.74072265625,,,0.0,233.3333282470703,4888.888671875,192418.515625,200740.734375,183688.890625,,,0,364,0,2015,2008.0,,2.0,0.0,0.0,1962.5,2434.5,male,Domestic,5610.0,56.0,3.0,3,Central,2008-02-24,,
18,1002029.0,2007-01-01,2007-12-31,,11570.3701171875,138237.03125,132603.703125,0.0,0.0,0.0,,39507.40625,47392.59375,0.0,2196.29638671875,24574.07421875,251151.859375,,,36396.296875,27403.703125,347588.875,45140.7421875,11111.111328125,39507.40625,,,0,364,0,2007,2006.0,,2.0,0.0,0.0,1975.0,3101.0,male,Domestic,2711.0,27.0,2.0,3,East,2006-07-03,,
19,1002029.0,2008-01-01,2008-12-31,,13462.962890625,302511.125,323096.28125,0.0,0.0,0.0,,36362.96484375,24788.888671875,0.0,4744.4443359375,6840.74072265625,747277.75,,,37440.7421875,1300.0,827214.8125,46444.4453125,11111.111328125,36362.96484375,,,0,365,0,2008,2006.0,,2.0,0.0,0.0,1975.0,3101.0,male,Domestic,2711.0,27.0,2.0,3,East,2006-07-03,,
20,1002029.0,2009-01-01,2009-12-31,,16881.482421875,401237.03125,366970.375,0.0,0.0,0.0,,36307.40625,43977.77734375,0.0,4748.14794921875,9192.5927734375,577922.25,,,32796.296875,23366.666015625,683855.5625,69811.109375,11111.111328125,33862.96484375,,,0,364,0,2009,2006.0,,2.0,0.0,0.0,1975.0,3101.0,male,Domestic,2711.0,27.0,2.0,3,East,2006-07-03,,0.3833333253860473
21,1002029.0,2010-01-01,2010-12-31,,22114.814453125,230781.484375,202551.859375,0.0,0.0,0.0,,45611.109375,36129.62890625,0.0,107.40740966796876,17788.888671875,742959.25,,,37888.890625,32559.259765625,843774.0625,102370.3671875,11111.111328125,43166.66796875,,,0,364,0,2010,2006.0,,2.0,0.0,0.0,1975.0,3101.0,male,Domestic,2711.0,27.0,2.0,3,East,2006-07-03,,0.4791666567325592
22,1002029.0,2011-01-01,2011-12-31,,19714.814453125,779396.3125,755859.25,0.0,0.0,0.0,,39540.7421875,7996.29638671875,0.0,331529.625,46029.62890625,390088.875,,,29596.296875,0.0,573222.25,83422.21875,11111.111328125,39540.7421875,,,0,364,0,2011,2006.0,,2.0,0.0,0.0,1975.0,3101.0,male,Domestic,2711.0,27.0,2.0,3,East,2006-07-03,,0.3409090936183929
23,1002029.0,2012-01-01,2012-12-31,,14929.6298828125,203885.1875,120444.453125,0.0,0.0,0.0,,23459.259765625,11818.5185546875,0.0,677.7777709960938,15077.77734375,984270.375,,,41037.03515625,9722.22265625,1136514.875,93144.4453125,11111.111328125,23459.259765625,,,0,365,0,2012,2006.0,,2.0,0.0,0.0,1975.0,3101.0,male,Domestic,2711.0,27.0,2.0,3,East,2006-07-03,,0.4583333134651184
24,1002029.0,2013-01-01,2013-12-31,,14255.5556640625,217103.703125,161174.078125,0.0,0.0,0.0,,65177.77734375,16588.888671875,0.0,677.7777709960938,31507.408203125,283011.125,,,35944.4453125,11777.77734375,358062.96875,104922.21875,11111.111328125,65177.77734375,,,0,364,0,2013,2006.0,,1.0,0.0,0.0,1979.0,3802.0,male,Domestic,2711.0,27.0,2.0,3,East,2006-07-03,,0.4375
25,1002029.0,2014-01-01,2014-12-31,,17918.517578125,183677.78125,59433.33203125,0.0,0.0,0.0,,53829.62890625,42337.03515625,0.0,677.7777709960938,11366.6669921875,133429.625,,,24403.703125,36455.5546875,216751.859375,141377.78125,11111.111328125,53829.62890625,,,0,364,0,2014,2006.0,,1.0,0.0,0.0,1979.0,3802.0,male,Domestic,2711.0,27.0,2.0,3,East,2006-07-03,,0.3055555522441864
26,1002029.0,2015-01-01,2015-12-31,,13570.3701171875,316577.78125,209229.625,0.0,0.0,0.0,,45659.2578125,1788.888916015625,0.0,677.7777709960938,17488.888671875,307677.78125,,,16962.962890625,1096.2962646484375,345403.71875,142474.078125,11111.111328125,45659.2578125,,,0,364,0,2015,2006.0,,1.0,0.0,0.0,1979.0,3802.0,male,Domestic,2711.0,27.0,2.0,3,East,2006-07-03,,0.1805555522441864
27,1002029.0,2016-01-01,2016-12-31,,13788.888671875,154807.40625,114803.703125,,,,,35200.0,-64614.81640625,0.0,818.5184936523436,6466.66650390625,122655.546875,,,27155.5546875,,181959.265625,75203.703125,11111.111328125,35200.0,,,0,365,0,2016,2006.0,,1.0,0.0,0.0,1979.0,3802.0,male,Domestic,2711.0,27.0,2.0,3,East,2006-07-03,,0.2291666716337204
28,1003200.0,2005-01-01,2005-12-31,,25.925926208496094,729.629638671875,3803.70361328125,0.0,4814.81494140625,4814.81494140625,,1166.6666259765625,-1277.77783203125,0.0,225.9259185791016,459.2592468261719,10140.7412109375,,,6855.5556640625,-1277.77783203125,11118.5185546875,-11907.4072265625,1851.851806640625,1166.6666259765625,,,0,364,0,2005,,,,,,,,,,5630.0,56.0,3.0,1,Central,2003-10-21,2014-08-09,
29,1003200.0,2006-01-01,2006-12-31,,40.74074172973633,692.5925903320312,12322.22265625,0.0,8888.888671875,8888.888671875,,1144.4444580078125,1422.22216796875,0.0,551.8518676757812,140.74073791503906,10329.6298828125,,,9996.2958984375,1422.22216796875,12996.2958984375,-10485.185546875,1851.851806640625,1144.4444580078125,,,0,364,0,2006,,,,,,,,,,5630.0,56.0,3.0,1,Central,2003-10-21,2014-08-09,
30,1003200.0,2007-01-01,2007-12-31,,25.925926208496094,9044.4443359375,796.2963256835938,0.0,0.0,0.0,,1118.5185546875,-185.1851806640625,0.0,555.5555419921875,340.7407531738281,10048.1484375,,,10581.4814453125,-185.1851806640625,20585.185546875,-10670.3701171875,1851.851806640625,1118.5185546875,,,0,364,0,2007,,,,,,,,,,5630.0,56.0,3.0,1,Central,2003-10-21,2014-08-09,
31,1003200.0,2008-01-01,2008-12-31,,200.0,10437.037109375,4162.962890625,0.0,0.0,0.0,,1092.5926513671875,-10329.6298828125,0.0,551.8518676757812,107.40740966796876,14307.4072265625,,,8185.18505859375,-10329.6298828125,12362.962890625,-21003.703125,1851.851806640625,1092.5926513671875,,,0,365,0,2008,,,,,,,,,,5630.0,56.0,3.0,1,Central,2003-10-21,2014-08-09,
32,1003200.0,2009-01-01,2009-12-31,,74.0740737915039,1092.5926513671875,4988.888671875,0.0,0.0,0.0,,1022.2222290039062,-655.5555419921875,0.0,518.5184936523438,496.2962951660156,12307.4072265625,,,1859.25927734375,-674.0740966796875,15159.2587890625,-21677.77734375,1851.851806640625,1022.2222290039062,,,0,364,0,2009,2003.0,2014.0,2.0,0.0,1.0,,1754.0,female,Domestic,5630.0,56.0,3.0,1,Central,2003-10-21,2014-08-09,
33,1003200.0,2010-01-01,2010-12-31,,74.0740737915039,922.2222290039062,5388.888671875,0.0,0.0,0.0,,948.1481323242189,285.1851806640625,0.0,711.111083984375,118.51851654052734,11455.5556640625,,,1577.77783203125,285.1851806640625,13792.5927734375,-21392.591796875,1851.851806640625,948.1481323242189,,,0,364,0,2010,2003.0,2014.0,2.0,0.0,1.0,,1754.0,female,Domestic,5630.0,56.0,3.0,1,Central,2003-10-21,2014-08-09,
34,1003200.0,2011-01-01,2011-12-31,,74.0740737915039,466.6666564941406,8237.037109375,0.0,0.0,0.0,,874.0740966796875,-44.44444274902344,0.0,296.2962951660156,70.37036895751953,9233.3330078125,,,1762.9630126953125,-51.85185241699219,11577.77734375,-21444.4453125,1851.851806640625,874.0740966796875,,,0,364,0,2011,2003.0,2014.0,2.0,0.0,1.0,,1754.0,female,Domestic,5630.0,56.0,3.0,1,Central,2003-10-21,2014-08-09,
35,1003200.0,2012-01-01,2012-12-31,,25.925926208496094,22.22222137451172,10996.2958984375,0.0,0.0,0.0,,0.0,-2337.037109375,0.0,0.0,22.22222137451172,1933.3333740234373,,,1355.5555419921875,-2340.74072265625,2785.185302734375,-23785.185546875,1851.851806640625,0.0,,,0,365,0,2012,2003.0,2014.0,2.0,0.0,1.0,,1754.0,female,Domestic,5630.0,56.0,3.0,1,Central,2003-10-21,2014-08-09,
36,1004012.0,2005-01-01,2005-12-31,,114.81481170654295,1648.148193359375,3777.77783203125,0.0,0.0,0.0,,0.0,229.62962341308597,0.0,0.0,211.11111450195312,1914.8148193359373,,,3448.148193359375,229.62962341308597,5833.33349609375,-2129.629638671875,74.0740737915039,0.0,,,0,364,0,2005,1991.0,2013.0,1.0,0.0,0.0,,7722.0,male,Domestic,3314.0,33.0,2.0,3,West,1991-11-24,2013-06-19,
37,1004012.0,2006-01-01,2006-12-31,,925.9259033203124,2577.77783203125,4548.14794921875,0.0,0.0,0.0,,0.0,188.88888549804688,0.0,0.0,2170.370361328125,2248.148193359375,,,3755.5556640625,185.1851806640625,7218.5185546875,-1944.4444580078125,74.0740737915039,0.0,,,0,364,0,2006,1991.0,2013.0,1.0,0.0,0.0,,7722.0,male,Domestic,3314.0,33.0,2.0,3,West,1991-11-24,2013-06-19,
38,1004012.0,2007-01-01,2007-12-31,,92.59259033203124,3174.073974609375,4840.74072265625,0.0,0.0,0.0,,0.0,329.629638671875,0.0,185.1851806640625,2622.22216796875,2166.666748046875,,,4437.037109375,277.7777709960937,7162.962890625,-1662.9630126953125,74.0740737915039,0.0,,,0,364,0,2007,1991.0,2013.0,1.0,0.0,0.0,,7722.0,male,Domestic,3314.0,33.0,2.0,3,West,1991-11-24,2013-06-19,
39,1004012.0,2008-01-01,2008-12-31,,85.18518829345703,3437.037109375,1500.0,0.0,0.0,0.0,,0.0,1000.0,0.0,0.0,759.25927734375,3851.851806640625,,,7011.111328125,792.5925903320312,12122.22265625,-874.0740966796875,74.0740737915039,0.0,,,0,365,0,2008,1991.0,2013.0,1.0,0.0,0.0,,7722.0,male,Domestic,3314.0,33.0,2.0,3,West,1991-11-24,2013-06-19,
40,1004012.0,2009-01-01,2009-12-31,,311.1111145019531,4462.962890625,1629.629638671875,0.0,0.0,0.0,,0.0,-559.25927734375,0.0,0.0,1381.4814453125,740.74072265625,,,6162.962890625,-581.4815063476562,6733.33349609375,25.925926208496094,74.0740737915039,0.0,,,0,364,0,2009,1991.0,2013.0,1.0,0.0,0.0,,7722.0,male,Domestic,3314.0,33.0,2.0,3,West,1991-11-24,2013-06-19,0.0833333358168602
41,1004012.0,2010-01-01,2010-12-31,,0.0,2670.370361328125,1066.6666259765625,0.0,0.0,0.0,,0.0,292.59259033203125,0.0,0.0,651.8518676757812,562.9629516601562,,,1744.4444580078125,251.8518524169922,2533.333251953125,277.7777709960937,74.0740737915039,0.0,,,0,364,0,2010,1991.0,2013.0,1.0,0.0,0.0,,7722.0,male,Domestic,3314.0,33.0,2.0,3,West,1991-11-24,2013-06-19,0.0833333358168602
42,1004012.0,2011-01-01,2011-12-31,,0.0,2674.073974609375,1192.5926513671875,0.0,0.0,0.0,,0.0,1337.0369873046875,0.0,0.0,418.5185241699219,374.0740661621094,,,203.7037048339844,1203.7037353515625,1914.8148193359373,1481.4814453125,74.0740737915039,0.0,,,0,364,0,2011,1991.0,2013.0,1.0,0.0,0.0,,7722.0,male,Domestic,3314.0,33.0,2.0,3,West,1991-11-24,2013-06-19,0.0833333358168602
43,1004012.0,2013-01-14,2013-05-15,,0.0,1496.2962646484375,7.407407283782959,0.0,0.0,0.0,,0.0,11.11111068725586,0.0,0.0,1451.851806640625,248.1481475830078,,,100.0,11.11111068725586,362.96295166015625,1488.888916015625,74.0740737915039,0.0,,,0,121,1,2013,1991.0,2013.0,1.0,0.0,0.0,,7722.0,male,Domestic,3314.0,33.0,2.0,3,West,1991-11-24,2013-06-19,
44,1004898.0,2015-05-22,2015-12-31,,2214.814697265625,16325.92578125,5892.5927734375,0.0,0.0,0.0,,13177.77734375,-19103.703125,40.74074172973633,4240.74072265625,825.9259033203125,18792.591796875,,,3744.4443359375,-19103.703125,5651.85205078125,23488.888671875,11111.111328125,13137.037109375,,,0,223,1,2015,2015.0,,1.0,0.0,0.0,1970.0,590.0,male,Domestic,5610.0,56.0,3.0,1,Central,2015-05-20,,0.0833333358168602
45,1007261.0,2009-09-08,2009-12-31,,,1851.851806640625,0.0,,,,,0.0,,0.0,0.0,1851.851806640625,,,,,0.0,,1851.851806640625,1851.851806640625,0.0,,,1,114,1,2009,,,,,,,,,,5610.0,56.0,3.0,1,Central,2010-08-26,2015-11-19,
46,1007261.0,2010-09-08,2010-12-31,,0.0,2459.25927734375,1348.148193359375,0.0,0.0,0.0,,0.0,-740.74072265625,0.0,0.0,607.4074096679688,696.2963256835938,,,2200.0,-740.74072265625,2188.888916015625,1111.111083984375,1851.851806640625,0.0,,,0,114,1,2010,2010.0,2015.0,1.0,0.0,0.0,1962.0,1539.0,male,Domestic,5610.0,56.0,3.0,1,Central,2010-08-26,2015-11-19,
47,1007261.0,2011-01-01,2011-12-31,,0.0,259.2592468261719,4537.037109375,0.0,0.0,0.0,,0.0,-5388.888671875,0.0,0.0,259.2592468261719,0.0,,,6181.4814453125,-5388.888671875,792.5925903320312,-4277.77783203125,1851.851806640625,0.0,,,0,364,0,2011,2010.0,2015.0,1.0,0.0,0.0,1962.0,1539.0,male,Domestic,5610.0,56.0,3.0,1,Central,2010-08-26,2015-11-19,0.1060606092214584
48,1007261.0,2012-01-01,2012-12-31,,0.0,255.55555725097656,9207.4072265625,0.0,0.0,0.0,,0.0,-4670.37060546875,0.0,0.0,255.55555725097656,0.0,,,4670.37060546875,-4670.37060546875,0.0,-8951.8515625,1851.851806640625,0.0,,,0,365,0,2012,2010.0,2015.0,1.0,0.0,0.0,1962.0,1539.0,male,Domestic,5610.0,56.0,3.0,1,Central,2010-08-26,2015-11-19,0.0833333358168602
49,1011889.0,2005-01-01,2005-12-31,,51625.92578125,35003.703125,4988.888671875,0.0,31925.92578125,31925.92578125,,795274.0625,11244.4443359375,51.85185241699219,8381.4814453125,14085.185546875,172533.328125,,,66355.5546875,11244.4443359375,253322.21875,674033.3125,17566.666015625,795222.25,,,0,364,0,2005,1992.0,,1.0,0.0,0.0,1946.0,6198.0,male,Domestic,5510.0,55.0,3.0,2,West,1992-11-09,,
50,1011889.0,2006-01-01,2006-12-31,,42011.109375,28611.111328125,126074.0703125,0.0,0.0,0.0,,790925.9375,18103.703125,11.11111068725586,9451.8515625,10759.2587890625,151940.734375,,,64914.81640625,17659.259765625,270111.125,691692.5625,17481.482421875,790914.8125,,,0,364,0,2006,1992.0,,2.0,0.0,0.5,1947.0,3733.0,mix,Domestic,5510.0,55.0,3.0,2,West,1992-11-09,,
51,1011889.0,2007-01-01,2007-12-31,,34966.66796875,26451.8515625,65385.18359375,0.0,0.0,0.0,,780548.125,56737.03515625,111.1111068725586,9303.7041015625,13340.7412109375,141988.890625,,,69392.59375,47203.703125,315725.9375,738896.3125,17481.482421875,780437.0625,,,0,364,0,2007,1992.0,,2.0,0.0,0.5,1947.0,3733.0,mix,Domestic,5510.0,55.0,3.0,2,West,1992-11-09,,
52,1011889.0,2008-01-01,2008-12-31,,29944.4453125,58340.7421875,11740.7412109375,0.0,0.0,0.0,,767629.625,80181.484375,66.66666412353516,10481.4814453125,42951.8515625,160703.703125,,,78903.703125,72429.6328125,357177.78125,811325.9375,17481.482421875,767562.9375,,,0,365,0,2008,1992.0,,2.0,0.0,0.5,1947.0,3733.0,mix,Domestic,5510.0,55.0,3.0,2,West,1992-11-09,,
53,1011889.0,2009-01-01,2009-12-31,,34588.890625,82537.0390625,7511.111328125,0.0,0.0,0.0,,790092.5625,58529.62890625,22.22222137451172,7496.29638671875,68433.3359375,151785.1875,,,77248.1484375,51796.296875,327525.9375,863122.25,17481.482421875,790070.375,,,0,364,0,2009,1992.0,,1.0,0.0,0.0,1946.0,6198.0,male,Domestic,5510.0,55.0,3.0,2,West,1992-11-09,,1.4499999284744265
54,1011889.0,2010-01-01,2010-12-31,,27514.814453125,105433.34375,6611.111328125,0.0,0.0,0.0,,813414.8125,44962.96484375,0.0,11285.185546875,85088.890625,181103.703125,,,80129.6328125,44962.96484375,341459.25,908085.1875,17481.482421875,813414.8125,,,0,364,0,2010,1992.0,,1.0,0.0,0.0,1946.0,6198.0,male,Domestic,5510.0,55.0,3.0,2,West,1992-11-09,,1.4270832538604736
55,1011889.0,2011-01-01,2011-12-31,,30748.1484375,107570.3671875,18692.591796875,185.1851806640625,0.0,-185.1851806640625,,896248.125,66177.78125,1537.0369873046875,12488.888671875,77674.0703125,205640.734375,,,87107.40625,66177.78125,393292.59375,974259.25,17481.482421875,894711.125,,,0,364,0,2011,1992.0,,1.0,0.0,0.0,1946.0,6198.0,male,Domestic,5510.0,55.0,3.0,2,West,1992-11-09,,1.5
56,1011889.0,2012-01-01,2012-12-31,,36625.92578125,160166.671875,18911.111328125,0.0,0.0,0.0,,933574.0625,96751.8515625,1537.0369873046875,11866.6669921875,131766.671875,204659.265625,,,92614.8125,96751.8515625,433666.65625,1071011.125,17481.482421875,932037.0625,,,0,365,0,2012,1992.0,,1.0,0.0,0.0,1946.0,6198.0,male,Domestic,5510.0,55.0,3.0,2,West,1992-11-09,,1.621212124824524
57,1011889.0,2013-01-01,2013-12-31,,66125.9296875,235114.8125,16555.5546875,0.0,0.0,0.0,,938029.625,65344.4453125,0.0,15022.22265625,213670.375,206200.0,,,106466.65625,64248.1484375,442033.34375,1132177.75,17481.482421875,938029.625,,,0,364,0,2013,1992.0,,1.0,0.0,0.0,1946.0,6198.0,male,Domestic,5510.0,55.0,3.0,2,West,1992-11-09,,1.5833333730697632
58,1011889.0,2014-01-01,2014-12-31,,46214.81640625,281681.46875,9622.22265625,0.0,0.0,0.0,,971588.875,107907.40625,807.4074096679686,11703.7041015625,246811.109375,224711.109375,,,106537.0390625,107907.40625,472859.25,1240085.125,17481.482421875,970781.5,,,0,364,0,2014,1992.0,,1.0,0.0,0.0,1946.0,6198.0,male,Domestic,5510.0,55.0,3.0,2,West,1992-11-09,,1.4652777910232544
59,1011889.0,2015-01-01,2015-12-31,,55966.66796875,283603.71875,13233.3330078125,0.0,92.59259033203124,92.59259033203124,,1074455.5,104296.296875,474.0740661621094,14181.4814453125,254696.296875,212381.484375,,,110900.0,103529.6328125,492411.125,1343614.875,17481.482421875,1073981.5,,,0,364,0,2015,1992.0,,1.0,0.0,0.0,1946.0,6198.0,male,Domestic,5510.0,55.0,3.0,2,West,1992-11-09,,1.486111044883728
60,1011889.0,2016-01-01,2016-12-31,,41744.4453125,333125.9375,14703.7041015625,,,,,1118296.25,93211.109375,137.0370330810547,7651.85205078125,314962.96875,271722.21875,,,141085.1875,,561148.125,1436740.75,17481.482421875,1118159.25,,,0,365,0,2016,1992.0,,1.0,0.0,0.0,1946.0,6198.0,male,Domestic,5510.0,55.0,3.0,2,West,1992-11-09,,1.5763888359069824
61,1014183.0,2005-01-01,2005-12-31,,12692.5927734375,79188.890625,2777.77783203125,0.0,1481.4814453125,1481.4814453125,,149051.859375,4066.666748046875,366.6666564941406,0.0,16722.22265625,44896.296875,,,36348.1484375,3929.629638671875,98444.4453125,227488.890625,11111.111328125,148685.1875,,,0,364,0,2005,2001.0,,1.0,0.0,1.0,1952.0,3633.0,female,Domestic,5510.0,55.0,3.0,2,Central,2001-12-21,,
62,1014183.0,2006-01-01,2006-12-31,,12933.3330078125,99244.4453125,6166.66650390625,0.0,0.0,0.0,,138033.328125,4314.81494140625,181.48147583007807,0.0,24744.4453125,44611.109375,,,36329.62890625,3640.74072265625,91525.9296875,231129.625,11111.111328125,137851.859375,,,0,364,0,2006,2001.0,,1.0,0.0,1.0,1952.0,3633.0,female,Domestic,5510.0,55.0,3.0,2,Central,2001-12-21,,
63,1014183.0,2007-01-01,2007-12-31,,11177.77734375,121496.296875,7448.14794921875,0.0,0.0,0.0,,128633.34375,13629.6298828125,181.48147583007807,0.0,7607.4072265625,50029.62890625,,,41340.7421875,11207.4072265625,101614.8125,242681.484375,11111.111328125,128451.8515625,,,0,364,0,2007,2001.0,,1.0,0.0,1.0,1952.0,3633.0,female,Domestic,5510.0,55.0,3.0,2,Central,2001-12-21,,
64,1014183.0,2008-01-01,2008-12-31,,7148.14794921875,139333.328125,9125.92578125,0.0,0.0,0.0,,123174.0703125,17351.8515625,177.77777099609375,0.0,9003.7041015625,56437.03515625,,,44440.7421875,10714.814453125,131251.859375,253403.703125,11111.111328125,122996.296875,,,0,365,0,2008,2001.0,,2.0,0.0,0.5,1949.0,3613.5,mix,Domestic,5510.0,55.0,3.0,2,Central,2001-12-21,,
65,1014183.0,2009-01-01,2009-12-31,,7581.4814453125,136770.375,3166.666748046875,0.0,0.0,0.0,,140492.59375,23596.296875,0.0,0.0,9607.4072265625,52485.18359375,,,48744.4453125,20792.591796875,127911.109375,274122.21875,11111.111328125,140492.59375,,,0,364,0,2009,2001.0,,2.0,0.0,0.5,1949.0,3613.5,mix,Domestic,5510.0,55.0,3.0,2,Central,2001-12-21,,0.6666666865348816
66,1014183.0,2010-01-01,2010-12-31,,10281.4814453125,149503.703125,3622.22216796875,0.0,0.0,0.0,,131640.734375,4122.22216796875,0.0,0.0,3151.851806640625,47348.1484375,,,41422.22265625,3074.073974609375,107381.4765625,277737.03125,11111.111328125,131640.734375,,,0,364,0,2010,2001.0,,2.0,0.0,0.5,1949.0,3613.5,mix,Domestic,5510.0,55.0,3.0,2,Central,2001-12-21,,0.5833333134651184
67,1014183.0,2011-01-01,2011-12-31,,11433.3330078125,183644.4375,7440.74072265625,0.0,0.0,0.0,,135988.890625,33914.81640625,0.0,0.0,5774.07421875,65466.66796875,,,54425.92578125,32103.703125,170466.671875,312237.03125,11111.111328125,135988.890625,,,0,364,0,2011,2001.0,,2.0,0.0,0.5,1949.0,3613.5,mix,Domestic,5510.0,55.0,3.0,2,Central,2001-12-21,,0.6439393758773804
68,1014183.0,2012-01-01,2012-12-31,,12551.8515625,199903.703125,8274.07421875,0.0,7.407407283782959,7.407407283782959,,118229.6328125,-1429.629638671875,0.0,0.0,18585.185546875,66744.4453125,,,55711.109375,-2351.851806640625,129729.6328125,309885.1875,11111.111328125,118229.6328125,,,0,365,0,2012,2001.0,,1.0,0.0,0.0,1946.0,3594.0,male,Domestic,5510.0,55.0,3.0,2,Central,2001-12-21,,0.7152777910232544
69,1014183.0,2013-01-01,2013-12-31,,6970.37060546875,209562.96875,5703.70361328125,0.0,0.0,0.0,,112948.1484375,7522.22216796875,0.0,0.0,12596.2958984375,61344.4453125,,,61625.92578125,6537.037109375,116211.109375,316414.8125,11111.111328125,112948.1484375,,,0,364,0,2013,2001.0,,1.0,0.0,0.0,1946.0,3594.0,male,Domestic,5510.0,55.0,3.0,2,Central,2001-12-21,,0.8194444179534912
70,1014183.0,2014-01-01,2014-12-31,,6403.70361328125,217033.328125,6362.962890625,0.0,0.0,0.0,,107992.59375,2822.22216796875,0.0,34359.2578125,45144.4453125,51925.92578125,,,67200.0,2274.073974609375,101051.8515625,318692.59375,11111.111328125,107992.59375,,,0,364,0,2014,2001.0,,1.0,0.0,0.0,1946.0,3594.0,male,Domestic,5510.0,55.0,3.0,2,Central,2001-12-21,,0.8472222089767456
71,1014183.0,2015-01-01,2015-12-31,,7055.5556640625,202948.140625,7492.5927734375,0.0,0.0,0.0,,123062.9609375,833.3333129882812,0.0,0.0,11677.77734375,90659.2578125,,,67111.109375,207.40740966796875,161018.515625,318896.28125,11111.111328125,123062.9609375,,,0,364,0,2015,2001.0,,1.0,0.0,0.0,1946.0,3594.0,male,Domestic,5510.0,55.0,3.0,2,Central,2001-12-21,,0.8263888955116272
72,1014183.0,2016-01-01,2016-12-31,,7603.70361328125,136862.96875,9133.3330078125,,,,,156011.109375,1062.9630126953125,0.0,0.0,34640.7421875,65937.0390625,,,73337.0390625,,129107.40625,319370.375,11111.111328125,156011.109375,,,0,365,0,2016,2001.0,,1.0,0.0,0.0,1946.0,3594.0,male,Domestic,5510.0,55.0,3.0,2,Central,2001-12-21,,0.8333333134651184
73,1018301.0,2005-01-01,2005-12-31,,2033.3333740234373,2051.851806640625,44822.22265625,0.0,0.0,0.0,,52811.109375,-5366.66650390625,281.4814758300781,196.2962951660156,874.0740966796875,3707.407470703125,,,544.4444580078125,-5366.66650390625,2711.111083984375,10040.7412109375,11111.111328125,52529.62890625,,,0,364,0,2005,,,,,,,,,,5630.0,56.0,3.0,2,Central,2004-06-29,,
74,1018301.0,2006-01-01,2006-12-31,,0.0,1459.25927734375,45192.59375,0.0,0.0,0.0,,52811.109375,-962.9629516601561,281.4814758300781,240.74073791503903,207.40740966796875,4359.25927734375,,,0.0,-962.9629516601561,4444.4443359375,9077.77734375,11111.111328125,52529.62890625,,,0,364,0,2006,,,,,,,,,,5630.0,56.0,3.0,2,Central,2004-06-29,,
75,1018301.0,2007-01-01,2007-12-31,,0.0,451.8518371582031,41577.77734375,0.0,0.0,0.0,,52811.109375,-218.51852416992188,281.4814758300781,225.9259185791016,225.9259185791016,4070.370361328125,,,0.0,-214.8148193359375,4874.07421875,11685.185546875,11111.111328125,52529.62890625,,,0,364,0,2007,,,,,,,,,,5630.0,56.0,3.0,2,Central,2004-06-29,,
76,1018301.0,2008-01-01,2008-12-31,,329.629638671875,1129.629638671875,41733.33203125,0.0,0.0,0.0,,52481.48046875,200.0,200.0,248.1481475830078,881.4815063476561,3488.888916015625,,,0.0,192.59259033203125,4748.14794921875,11877.77734375,11111.111328125,52281.48046875,,,0,365,0,2008,,,,,,,,,,5630.0,56.0,3.0,2,Central,2004-06-29,,
77,1018301.0,2009-01-01,2009-12-31,,329.629638671875,1296.2962646484375,42059.2578125,148.1481475830078,59.25925827026367,-88.88888549804686,,52155.5546875,-466.6666564941406,122.22222137451172,277.7777709960937,1018.5184936523436,3485.185302734375,,,603.7036743164064,-485.1851806640625,4900.0,11392.5927734375,11111.111328125,52033.33203125,,,0,364,0,2009,,,,,,,,,,5630.0,56.0,3.0,2,Central,2004-06-29,,
78,1018301.0,2010-01-01,2010-12-31,,0.0,1696.2962646484375,42366.66796875,0.0,0.0,0.0,,52155.5546875,107.40740966796876,122.22222137451172,244.44444274902344,1451.851806640625,3400.0,,,540.74072265625,92.59259033203124,5074.07421875,11485.185546875,11111.111328125,52033.33203125,,,0,364,0,2010,,,,,,,,,,5630.0,56.0,3.0,2,Central,2004-06-29,,0.0833333358168602
79,1018301.0,2011-01-01,2011-12-31,,0.0,2648.148193359375,0.0,0.0,18.518518447875977,18.518518447875977,,52155.5546875,400.0,122.22222137451172,311.1111145019531,2337.037109375,4181.4814453125,,,1137.0369873046875,400.0,6851.85205078125,11885.185546875,11111.111328125,52033.33203125,,,0,364,0,2011,2004.0,,1.0,0.0,1.0,1963.0,656.0,female,Domestic,5630.0,56.0,3.0,2,Central,2004-06-29,,0.0833333358168602
80,1018301.0,2012-01-01,2012-12-31,,0.0,1811.111083984375,592.5925903320312,0.0,11.11111068725586,11.11111068725586,,52155.5546875,-1096.2962646484375,118.51851654052734,496.2962951660156,1314.8148193359375,3325.926025390625,,,3407.407470703125,-1107.4073486328125,6722.22216796875,10781.4814453125,11111.111328125,52037.03515625,,,0,365,0,2012,2004.0,,2.0,0.0,0.5,1961.5,1246.5,mix,Domestic,5630.0,56.0,3.0,2,Central,2004-06-29,,0.1527777761220932
81,1018301.0,2013-01-01,2013-12-31,,0.0,1488.888916015625,1170.370361328125,0.0,0.0,0.0,,52155.5546875,-666.6666870117188,118.51851654052734,485.1851806640625,1003.7036743164062,4240.74072265625,,,3762.962890625,-677.7777709960938,8448.1484375,10103.7041015625,11111.111328125,52037.03515625,,,0,364,0,2013,2004.0,,1.0,0.0,0.0,1960.0,1837.0,male,Domestic,5630.0,56.0,3.0,2,Central,2004-06-29,,0.1666666716337204
82,1018301.0,2014-01-01,2014-12-31,,0.0,1759.25927734375,1544.4444580078125,0.0,0.0,0.0,,52674.07421875,203.7037048339844,118.51851654052734,1237.0369873046875,522.2222290039064,2948.148193359375,,,4825.92578125,192.59259033203125,9081.4814453125,10296.2958984375,11111.111328125,52555.5546875,,,0,364,0,2014,2004.0,,1.0,0.0,0.0,1960.0,1837.0,male,Domestic,5630.0,56.0,3.0,2,Central,2004-06-29,,0.1666666716337204
83,1018301.0,2015-01-01,2015-12-31,,0.0,1592.5926513671875,1129.629638671875,0.0,0.0,0.0,,52674.07421875,262.96295166015625,118.51851654052734,1381.4814453125,200.0,4196.29638671875,,,7111.111328125,248.1481475830078,12607.4072265625,10544.4443359375,11111.111328125,52555.5546875,,,0,364,0,2015,2004.0,,1.0,0.0,0.0,1960.0,1837.0,male,Domestic,5630.0,56.0,3.0,2,Central,2004-06-29,,0.125
84,1022796.0,2005-01-01,2005-12-31,,870.370361328125,20733.333984375,4840.74072265625,0.0,2500.0,2500.0,,2211.111083984375,822.2222290039062,0.0,6003.70361328125,8033.33349609375,85385.1875,,,14500.0,822.2222290039062,101370.3671875,17907.408203125,11111.111328125,2211.111083984375,,,0,364,0,2005,2001.0,2016.0,1.0,0.0,0.0,1969.0,5201.0,male,Domestic,5630.0,56.0,3.0,1,Central,2001-02-01,2016-06-06,
85,1022796.0,2006-01-01,2006-12-31,,796.2963256835938,21192.591796875,4003.70361328125,0.0,0.0,0.0,,1581.4814453125,674.0740966796875,0.0,3762.962890625,10659.2587890625,32822.22265625,,,9303.7041015625,651.8518676757812,44462.96484375,18559.259765625,11111.111328125,1581.4814453125,,,0,364,0,2006,2001.0,2016.0,1.0,0.0,0.0,1969.0,5201.0,male,Domestic,5630.0,56.0,3.0,1,Central,2001-02-01,2016-06-06,
86,1022796.0,2007-01-01,2007-12-31,,548.1481323242188,15122.22265625,4481.4814453125,0.0,0.0,0.0,,9214.814453125,1229.629638671875,0.0,3629.629638671875,5162.962890625,35970.37109375,,,11411.111328125,1085.1851806640625,50133.33203125,19644.4453125,11111.111328125,9214.814453125,,,0,364,0,2007,2001.0,2016.0,1.0,0.0,0.0,1969.0,5201.0,male,Domestic,5630.0,56.0,3.0,1,Central,2001-02-01,2016-06-06,
87,1022796.0,2008-01-01,2008-12-31,,1103.7037353515625,18466.666015625,4525.92578125,0.0,0.0,0.0,,8651.8515625,425.9259338378906,0.0,1140.74072265625,11396.2958984375,37451.8515625,,,14888.888671875,381.4814758300781,54700.0,20025.92578125,11111.111328125,8651.8515625,,,0,365,0,2008,2001.0,2016.0,1.0,0.0,0.0,1969.0,5201.0,male,Domestic,5630.0,56.0,3.0,1,Central,2001-02-01,2016-06-06,
88,1022796.0,2009-01-01,2009-12-31,,1188.888916015625,19492.591796875,4188.888671875,0.0,0.0,0.0,,7492.5927734375,240.74073791503903,0.0,1092.5926513671875,12640.7412109375,31477.77734375,,,9948.1484375,229.62962341308597,44803.703125,20229.62890625,11111.111328125,7492.5927734375,,,0,364,0,2009,2001.0,2016.0,1.0,0.0,0.0,1969.0,5201.0,male,Domestic,5630.0,56.0,3.0,1,Central,2001-02-01,2016-06-06,0.0833333358168602
89,1022796.0,2010-01-01,2010-12-31,,1537.0369873046875,8192.5927734375,1577.77783203125,0.0,0.0,0.0,,6577.77783203125,-9529.6298828125,0.0,518.5184936523438,4492.5927734375,23648.1484375,,,7366.66650390625,-9603.7041015625,29155.5546875,10625.92578125,11111.111328125,6577.77783203125,,,0,364,0,2010,2001.0,2016.0,1.0,0.0,0.0,1969.0,5201.0,male,Domestic,5630.0,56.0,3.0,1,Central,2001-02-01,2016-06-06,0.0833333358168602
90,1022796.0,2011-01-01,2011-12-31,,807.4074096679686,4418.5185546875,4081.4814453125,0.0,0.0,0.0,,5822.22216796875,-5548.14794921875,0.0,537.0370483398438,1118.5185546875,23096.296875,,,8155.5556640625,-5596.29638671875,26111.111328125,5029.62939453125,11111.111328125,5822.22216796875,,,0,364,0,2011,2001.0,2016.0,1.0,0.0,0.0,1969.0,5201.0,male,Domestic,5630.0,56.0,3.0,1,Central,2001-02-01,2016-06-06,0.0833333358168602
91,1022796.0,2012-01-01,2012-12-31,,688.888916015625,6166.66650390625,6792.5927734375,0.0,0.0,0.0,,5133.33349609375,-1262.9630126953125,0.0,555.5555419921875,3133.333251953125,17629.62890625,,,8070.37060546875,-1311.111083984375,26096.296875,3718.5185546875,3703.70361328125,5133.33349609375,,,0,365,0,2012,2001.0,2016.0,1.0,0.0,0.0,1969.0,5201.0,male,Domestic,5630.0,56.0,3.0,1,Central,2001-02-01,2016-06-06,0.0833333358168602
92,1022796.0,2013-01-01,2013-12-31,,503.7037048339844,3859.25927734375,8114.81494140625,0.0,0.0,0.0,,922.2222290039062,-5714.81494140625,0.0,814.8148193359375,2848.148193359375,33677.77734375,,,11692.5927734375,-7048.14794921875,42518.51953125,-3333.333251953125,3703.70361328125,922.2222290039062,,,0,364,0,2013,2001.0,2016.0,1.0,0.0,0.0,1969.0,5201.0,male,Domestic,5630.0,56.0,3.0,1,Central,2001-02-01,2016-06-06,0.0833333358168602
93,1022796.0,2014-01-01,2014-12-31,,751.8518676757811,1185.1851806640625,6355.5556640625,0.0,0.0,0.0,,1162.9630126953125,262.96295166015625,0.0,555.5555419921875,37.03703689575195,33592.59375,,,10185.185546875,-1025.9259033203125,46644.4453125,-4359.25927734375,3703.70361328125,1162.9630126953125,,,0,364,0,2014,2001.0,2016.0,1.0,0.0,0.0,1969.0,5201.0,male,Domestic,5630.0,56.0,3.0,1,Central,2001-02-01,2016-06-06,0.0833333358168602
94,1025012.0,2005-01-01,2005-12-31,,729.629638671875,81244.4453125,55481.48046875,0.0,0.0,0.0,,714.8148193359375,2459.25927734375,0.0,20403.703125,32155.5546875,142362.96875,,,7007.4072265625,1925.9259033203125,154692.59375,26296.296875,55.55555725097656,714.8148193359375,,,0,364,0,2005,,,,,,,,,,3312.0,33.0,2.0,2,East,1999-07-26,2015-05-04,
95,1025012.0,2006-01-01,2006-12-31,,796.2963256835938,84077.78125,57759.2578125,0.0,0.0,0.0,,651.8518676757812,525.9259033203125,0.0,11651.8515625,38077.77734375,150762.96875,,,8348.1484375,433.3333435058594,162677.78125,26729.62890625,55.55555725097656,651.8518676757812,,,0,364,0,2006,,,,,,,,,,3312.0,33.0,2.0,2,East,1999-07-26,2015-05-04,
96,1025012.0,2007-01-01,2007-12-31,,2907.407470703125,111288.890625,87092.59375,0.0,0.0,0.0,,22422.22265625,1088.888916015625,0.0,31122.22265625,24929.62890625,255040.734375,,,9611.111328125,777.7777709960938,270985.1875,27507.408203125,55.55555725097656,22422.22265625,,,0,364,0,2007,,,,,,,,,,3312.0,33.0,2.0,2,East,1999-07-26,2015-05-04,
97,1025012.0,2008-01-01,2008-12-31,,7714.81494140625,136651.859375,59962.96484375,0.0,0.0,0.0,,35959.2578125,1437.0369873046875,0.0,25285.185546875,7248.14794921875,315077.78125,,,10733.3330078125,922.2222290039062,337355.5625,77688.890625,55.55555725097656,35959.2578125,,,0,365,0,2008,,,,,,,,,,3312.0,33.0,2.0,2,East,1999-07-26,2015-05-04,
98,1025012.0,2009-01-01,2009-12-31,,9296.2958984375,381944.4375,345007.40625,0.0,0.0,0.0,,26911.111328125,3725.926025390625,0.0,80240.7421875,73281.484375,367266.65625,,,10544.4443359375,3288.888916015625,396766.65625,31718.517578125,55.55555725097656,26911.111328125,,,0,364,0,2009,,,,,,,,,,3312.0,33.0,2.0,2,East,1999-07-26,2015-05-04,0.0833333358168602
99,1025012.0,2010-01-01,2010-12-31,,9677.77734375,128688.890625,86707.40625,0.0,0.0,0.0,,18544.4453125,344.4444580078125,0.0,12218.5185546875,6425.92578125,245737.03125,,,14337.037109375,155.55555725097656,284014.8125,31874.07421875,55.55555725097656,18544.4453125,,,0,364,0,2010,,,,,,,,,,3312.0,33.0,2.0,2,East,1999-07-26,2015-05-04,0.25
